id;name;event_start;event_end;location;open
1;Branding;97366;506;Gloves;true
2;Cayman Islands Dollar invoice;22426;17592;Computers Bedfordshire Fish;false
3;program alarm;30806;56830;Sleek turn-key;false
4;Persevering;97301;97889;Cambridgeshire Investor;false
5;dot-com payment Libyan Dinar;86416;19524;sensor;false
6;Shoes deposit;17711;99455;Villages uniform PCI;true
7;Factors;33075;42818;Planner Strategist;true
8;disintermediate;38509;19091;eco-centric Bedfordshire mesh;false
9;calculating Intranet Ergonomic Concrete Soap;67114;99005;Concrete Bedfordshire;true
10;program;69701;13662;array France protocol;false
